,precision,recall,f1-score,support
con,0.7142857142857143,0.8333333333333334,0.7692307692307693,6.0
nat,0.9411764705882353,0.8888888888888888,0.9142857142857143,18.0
accuracy,,,0.875,24.0
macro avg,0.8277310924369747,0.8611111111111112,0.8417582417582418,24.0
weighted avg,0.884453781512605,0.875,0.878021978021978,24.0
