,precision,recall,f1-score,support
con,0.45454545454545453,0.8333333333333334,0.5882352941176471,6.0
nat,0.9230769230769231,0.6666666666666666,0.7741935483870968,18.0
accuracy,,,0.7083333333333334,24.0
macro avg,0.6888111888111889,0.75,0.6812144212523719,24.0
weighted avg,0.8059440559440559,0.7083333333333334,0.7277039848197343,24.0
