,precision,recall,f1-score,support
0,0.5,0.16666666666666666,0.25,6.0
1,0.7727272727272727,0.9444444444444444,0.85,18.0
accuracy,0.75,0.75,0.75,0.75
macro avg,0.6363636363636364,0.5555555555555556,0.55,24.0
weighted avg,0.7045454545454545,0.75,0.6999999999999998,24.0
